{"cameraMode":{"drawMode":0,"name":"Shaded","section":"Shading Mode"},"sceneLighting":true,"audioPlay":false,"sceneViewState":{"showFog":true,"showMaterialUpdate":true,"showSkybox":true,"showFlares":true,"showImageEffects":true,"showParticleSystems":true,"showVisualEffectGraphs":true,"m_FxEnabled":true},"in2DMode":false,"pivot":{"x":0.31739261746406557,"y":0.45812827348709109,"z":0.33116984367370608},"rotation":{"x":-0.1461837887763977,"y":-0.8309188485145569,"z":0.2578662037849426,"w":-0.47117146849632265},"size":0.28963619470596316,"orthographic":false}